Bengaluru,Tier-1
Chennai,Tier-1
Delhi,Tier-1
Hyderabad,Tier-1
Kolkata,Tier-1
Mumbai,Tier-1
Ahmedabad,Tier-1
Pune,Tier-1
Agra,Tier-2
Aligarh,Tier-2
Amravati,Tier-2
Asansol,Tier-2
Bareilly,Tier-2
Bhavnagar,Tier-2
Bhopal,Tier-2
Bikaner,Tier-2
Bokaro Steel City,Tier-2
Coimbatore,Tier-2
Dehradun,Tier-2
Bhilai,Tier-2
Erode,Tier-2
Firozabad,Tier-2
Gorakhpur,Tier-2
Guntur,Tier-2
Gurgaon,Tier-2
Hubli-Dharwad,Tier-2
Indore,Tier-2
Jaipur,Tier-2
Jammu,Tier-2
Jamshedpur,Tier-2
Jodhpur,Tier-2
Kannur,Tier-2
Kochi,Tier-2
Kolhapur,Tier-2
Kota,Tier-2
Kurnool,Tier-2
Lucknow,Tier-2
Malappuram,Tier-2
Goa,Tier-2
Meerut,Tier-2
Mysore,Tier-2
Nanded,Tier-2
Nellore,Tier-2
Palakkad,Tier-2
Perinthalmanna,Tier-2
Purulia,Tier-2
Rajkot,Tier-2
Ranchi,Tier-2
Salem,Tier-2
Shimla,Tier-2
Solapur,Tier-2
Thiruvananthapuram,Tier-2
Tiruchirappalli,Tier-2
Tirupati,Tier-2
Tiruppur,Tier-2
Ujjain,Tier-2
Vadodara,Tier-2
Vasai-Virar City,Tier-2
Vellore,Tier-2
Surat,Tier-2
Ajmer,Tier-2
Allahabad,Tier-3
Amritsar,Tier-4
Aurangabad,Tier-5
Belgaum,Tier-6
Bhiwandi,Tier-7
Bhubaneswar,Tier-8
Bilaspur,Tier-9
Chandigarh,Tier-10
Cuttack,Tier-11
Dhanbad,Tier-12
Durgapur,Tier-13
Faridabad,Tier-14
Ghaziabad,Tier-15
Gulbarga,Tier-16
Gwalior,Tier-17
Guwahati,Tier-18
Hamirpur,Tier-19
Jabalpur,Tier-20
Jalandhar,Tier-21
Jamnagar,Tier-22
Jhansi,Tier-23
Kakinada,Tier-24
Kanpur,Tier-25
Kottayam,Tier-26
Kollam,Tier-27
Kozhikode,Tier-28
Ludhiana,Tier-29
Madurai,Tier-30
Mathura,Tier-31
Mangalore,Tier-32
Moradabad,Tier-33
Nagpur,Tier-34
Nashik,Tier-35
Noida,Tier-36
Patna,Tier-37
Pondicherry,Tier-38
Raipur,Tier-39
Rajahmundry,Tier-40
Rourkela,Tier-41
Sangli,Tier-42
Siliguri,Tier-43
Srinagar,Tier-44
Thrissur,Tier-45
Tirur,Tier-46
Tirunelveli,Tier-47
Tiruvannamalai,Tier-48
Bijapur,Tier-49
Varanasi,Tier-50
Vijayawada,Tier-51
Warangal,Tier-52
Visakhapatnam,Tier-53
